{
"id": "users",
"name": "users",
"type": "base",
"system": false,
"schema": [
{
"id": "username",
"name": "username",
"type": "text",
"system": false,
"required": true,
"unique": false,
"options": {
"min": 3,
"max": 50,
"pattern": ""
}
},
{
"id": "email",
"name": "email",
"type": "email",
"system": false,
"required": true,
"unique": true,
"options": {
"exceptDomains": [],
"onlyDomains": []
}
},
{
"id": "password_hash",
"name": "password_hash",
"type": "text",
"system": false,
"required": true,
"unique": false,
"options": {
"min": 0,
"max": 255,
"pattern": ""
}
},
{
"id": "avatar_url",
"name": "avatar_url",
"type": "url",
"system": false,
"required": false,
"unique": false,
"options": {
"exceptDomains": [],
"onlyDomains": []
}
},
{
"id": "is_active",
"name": "is_active",
"type": "bool",
"system": false,
"required": false,
"unique": false,
"options": {}
},
{
"id": "last_login",
"name": "last_login",
"type": "date",
"system": false,
"required": false,
"unique": false,
"options": {
"min": "",
"max": ""
}
}
],
"indexes": [
"CREATE UNIQUE INDEX idx_users_email ON users (email)",
"CREATE INDEX idx_users_username ON users (username)",
"CREATE INDEX idx_users_is_active ON users (is_active)"
],
"listRule": "",
"viewRule": "",
"createRule": "",
"updateRule": "",
"deleteRule": "",
"options": {}
}
